{
  "run_id": "0c4a65782f5940ad9acf0e4c0e5ca53f",
  "metrics": {
    "accuracy": 0.9238892935178441,
    "precision": 0.9178090263858776,
    "recall": 0.9238892935178441,
    "f1": 0.9194548965818755,
    "roc_auc": 0.9550791753148733,
    "cv_f1_mean": 0.9119480859068076
  }
}